Ref,Val,Package,PosX,PosY,Rot,Side
C1,4.7u,C_0603_1608Metric,50.6855,8.814,180,top
C2,0.1u,C_0603_1608Metric,37.9,7.5,180,top
C3,0.1u,C_0603_1608Metric,50.114,6.528,90,top
C4,0.1u,C_0603_1608Metric,37.9,8.8,180,top
C7,0.1u,C_0603_1608Metric,40.55,17.5,0,top
C8,0.1u,C_0603_1608Metric,47.574,7.544,0,top
C9,0.1u,C_0603_1608Metric,49.3,16.15,0,top
C13,0.1u,C_0603_1608Metric,48.9,14,90,top
C17,0.1u,C_0603_1608Metric,28.778,5.258,270,top
C18,0.1u,C_0603_1608Metric,29.4,16.9,270,top
C24,4.7u,C_0603_1608Metric,10.44,15.93,90,top
C25,0.1u,C_0603_1608Metric,57.01,6.03,180,top
C28,4.7u,C_0603_1608Metric,50.15,14.0125,90,top
C33,DNI,C_0603_1608Metric,38,18,180,top
D1,LTST-C191KGKT,LED_0603_1608Metric,22.8,4.32,0,top
D3,CLMVC-FKA-CLBDGL7LBB79353,LED_Cree-PLCC4_2x2mm_CW,11.5,13.208,0,top
FB2,BLM18HE152SN1D,L_0603_1608Metric,52.146,13.132,0,top
FB3,BLM18HE152SN1D,L_0603_1608Metric,53.924,9.068,0,top
J1,47589-0001,USB_Micro_AB_Female_0475890001,56.8,11.11,90,top
R1,2.2K,R_0603_1608Metric,40.716,4.65,180,top
R4,10K,R_0603_1608Metric,40.716,6.5,180,top
R7,2.2K,R_0603_1608Metric,26.2253,4.0388,0,top
R8,10K,R_0603_1608Metric,27.1382,16.9512,90,top
R9,10K,R_0603_1608Metric,29.56,7.27,180,top
R12,0,R_0603_1608Metric,33.46,6.53,0,top
R13,0,R_0603_1608Metric,33.45,8.14,0,top
R14,10K,R_0603_1608Metric,24.5982,16.9512,90,top
R15,10K,R_0603_1608Metric,26.238,5.512,0,top
R17,10K,R_0603_1608Metric,47.701,5.766,180,top
R18,10K,R_0603_1608Metric,47.7645,4.3,0,top
U1,93LC56BT-I/OT,SOT-23-6,44.1,5.572,0,top
U2,ICE40UP5K-SG48ITR,QFN-48-1EP_7x7mm_P0.5mm_EP5.6x5.6mm,17.7798,11.4966,90,top
U3,FT232H,QFN-48-1EP_8x8mm_P0.5mm_EP6.2x6.2mm,43.2984,12.3988,180,top
U4,SG-210STF 12.0000ML3,Oscillator_SMD_Abracon_ASDMB-4Pin_2.5x2.0mm,31.7,16.9,0,top
U5,W25Q32JVSSIM,SOIC-8_5.23x5.23mm_P1.27mm,25.2078,10.7028,270,top
