Ref,Val,Package,PosX,PosY,Rot,Side
C5,0.1u,C_0603_1608Metric,16.332,14.148,270,bottom
C6,0.1u,C_0603_1608Metric,15.4684,8.855,90,bottom
C10,0.1u,C_0603_1608Metric,19.38,14.148,270,bottom
C11,4.7u,C_0603_1608Metric,17.9068,14.148,270,bottom
C12,0.1u,C_0603_1608Metric,45.75,10.338,180,bottom
C14,0.1u,C_0603_1608Metric,20.3452,11.9538,180,bottom
C15,0.1u,C_0603_1608Metric,16.9924,8.855,90,bottom
C16,0.1u,C_0603_1608Metric,26.746,12.684,0,bottom
C19,4.7u,C_0603_1608Metric,2.7,15.8,180,bottom
C20,4.7u,C_0603_1608Metric,5.1,10.3,90,bottom
C21,4.7u,C_0603_1608Metric,2.362,10.338,0,bottom
C22,4.7u,C_0603_1608Metric,14.808,14.148,270,bottom
C27,4.7u,C_0603_1608Metric,45.75,8.85,180,bottom
C29,4.7u,C_0603_1608Metric,10.7,10.3,90,bottom
C30,4.7u,C_0603_1608Metric,20.3325,10.338,180,bottom
C31,4.7u,C_0603_1608Metric,26.746,15.986,0,bottom
C34,DNI,C_0603_1608Metric,5.8,13.132,180,bottom
C35,4.7u,C_0603_1608Metric,13.792,8.814,90,bottom
C36,0.1u,C_0603_1608Metric,51.65,12.75,270,bottom
D2,1N4148WT-7,D_SOD-523,23.9886,14.3096,270,bottom
FB1,BLM18HE152SN1D,L_0603_1608Metric,48.05,8.05,270,bottom
R3,12K,R_0603_1608Metric,45.75,11.862,180,bottom
R5,10K,R_0603_1608Metric,19.3165,8.052,0,bottom
R6,100,R_0603_1608Metric,12.3,10.3,270,bottom
U6,AP2127K-3.3,SOT-23-5,2.5,13,270,bottom
U7,AP2127K-1.2,SOT-23-5,7.9,10.5,0,bottom
U8,SN74AUP2G125DCUR,VSSOP-8_2.3x2mm_P0.5mm,49.7965,13.005,90,bottom
